<wpml-config>
    <admin-texts>
        <key name="theme_mods_education-base">
            <key name="education_base_theme_options">
            <key name ="education-base-enable-header-top" /> 
            <key name ="education-base-header-height" /> 
            <key name ="education-base-top-header-design-options" /> 
            <key name ="education-base-phone-number" /> 
            <key name ="education-base-top-email" /> 
            <key name ="education-base-newsnotice-title" /> 
            <key name ="education-base-newsnotice-cat" /> 
            <key name ="education-base-newsnotice-number" /> 
            <key name ="education-base-button-title" /> 
            <key name ="education-base-button-link" /> 
            <key name ="education-base-enable-top-social" /> 
            <key name ="education-base-header-logo-menu-display-position" /> 
            <key name ="education-base-enable-sticky" /> 
            <key name ="education-base-enable-search" /> 
            <key name ="education-base-enable-woo-cart" /> 
            <key name ="education-base-slider-selection-from" /> 
            <key name ="education-base-feature-page" /> 
            <key name ="education-base-all-slides" /> 
            <key name ="education-base-slider-from-category" /> 
            <key name ="education-base-feature-height" /> 
            <key name ="education-base-slide-1-image" /> 
            <key name ="education-base-slide-1-title" /> 
            <key name ="education-base-slide-1-desc" /> 
            <key name ="education-base-slide-1-link" /> 
            <key name ="education-base-slide-1-link-text" /> 
            <key name ="education-base-slide-2-image" /> 
            <key name ="education-base-slide-2-title" /> 
            <key name ="education-base-slide-2-desc" /> 
            <key name ="education-base-slide-2-link" /> 
            <key name ="education-base-slide-2-link-text" /> 
            <key name ="education-base-slide-3-image" /> 
            <key name ="education-base-slide-3-title" /> 
            <key name ="education-base-slide-3-desc" /> 
            <key name ="education-base-slide-3-link" /> 
            <key name ="education-base-slide-3-link-text" /> 
            <key name ="education-base-slide-4-image" /> 
            <key name ="education-base-slide-4-title" /> 
            <key name ="education-base-slide-4-desc" /> 
            <key name ="education-base-slide-4-link" /> 
            <key name ="education-base-slide-4-link-text" /> 
            <key name ="education-base-slide-5-image" /> 
            <key name ="education-base-slide-5-title" /> 
            <key name ="education-base-slide-5-desc" /> 
            <key name ="education-base-slide-5-link" /> 
            <key name ="education-base-slide-5-link-text" /> 
            <key name ="education-base-slider-shortcode" /> 
            <key name ="education-base-feature-slider-image-only" /> 
            <key name ="education-base-fs-image-display-options" /> 
            <key name ="education-base-slider-know-more-text" /> 
            <key name ="education-base-featured-slider-number" /> 
            <key name ="education-base-feature-slider-content-words" /> 
            <key name ="education-base-feature-slider-speed" /> 
            <key name ="education-base-feature-slider-paginationspeed" /> 
            <key name ="education-base-feature-slider-text-align" /> 
            <key name ="education-base-feature-slider-enable-autoplay" /> 
            <key name ="education-base-feature-slider-enable-controls" /> 
            <key name ="education-base-feature-slider-enable-animation" /> 
            <key name ="education-base-enable-feature" /> 
            <key name ="education-base-column-selection-from" /> 
            <key name ="education-base-feature-column-1" /> 
            <key name ="education-base-feature-column-2" /> 
            <key name ="education-base-feature-column-3" /> 
            <key name ="education-base-feature-column-4" /> 
            <key name ="education-base-feature-column-1-color" /> 
            <key name ="education-base-feature-column-2-color" /> 
            <key name ="education-base-feature-column-3-color" /> 
            <key name ="education-base-feature-column-4-color" /> 
            <key name ="education-base-column-1-title" /> 
            <key name ="education-base-column-2-title" /> 
            <key name ="education-base-column-3-title" /> 
            <key name ="education-base-column-4-title" /> 
            <key name ="education-base-column-1-desc" /> 
            <key name ="education-base-column-2-desc" /> 
            <key name ="education-base-column-3-desc" /> 
            <key name ="education-base-column-4-desc" /> 
            <key name ="education-base-column-1-link" /> 
            <key name ="education-base-column-2-link" /> 
            <key name ="education-base-column-3-link" /> 
            <key name ="education-base-column-4-link" /> 
            <key name ="education-base-header-id-display-opt" /> 
            <key name ="education-base-enable-social" /> 
            <key name ="education-base-facebook-url" /> 
            <key name ="education-base-twitter-url" /> 
            <key name ="education-base-linkedin-url" /> 
            <key name ="education-base-instagram-url" /> 
            <key name ="education-base-youtube-url" /> 
            <key name ="education-base-google-plus-url" /> 
            <key name ="education-base-pinterest-url" /> 
            <key name ="education-base-flickr-url" /> 
            <key name ="education-base-tumblr-url" /> 
            <key name ="education-base-vk-url" /> 
            <key name ="education-base-footer-bg-img" /> 
            <key name ="education-base-footer-copyright" /> 
            <key name ="education-base-footer-widgets-number" /> 
            <key name ="education-base-footer-gotop" /> 
            <key name ="education-base-footer-power-text" /> 
            <key name ="education-base-footer-site-info" /> 
            <key name ="education-base-intro-image" /> 
            <key name ="education-base-intro-bg-color" /> 
            <key name ="education-base-enable-intro-loader" /> 
            <key name ="education-base-enable-animation" /> 
            <key name ="education-base-button-design" /> 
            <key name ="education-base-hide-front-page-content" /> 
            <key name ="education-base-hide-front-page-header" /> 
            <key name ="education-base-sidebar-layout" />
            <key name ="education-base-front-page-sidebar-layout" /> 
            <key name ="education-base-archive-sidebar-layout" /> 
            <key name ="education-base-blog-archive-layout" /> 
            <key name ="education-base-blog-archive-img-size" /> 
            <key name ="education-base-blog-archive-content-layout" /> 
            <key name ="education-base-blog-archive-content-length" /> 
            <key name ="education-base-read-more-text" /> 
            <key name ="education-base-blog-archive-more-text" /> 
            <key name ="education-base-exclude-categories" /> 
            <key name ="education-base-blog-archive-show-date" /> 
            <key name ="education-base-blog-archive-show-author" /> 
            <key name ="education-base-blog-archive-show-comments" /> 
            <key name ="education-base-blog-archive-show-cats" /> 
            <key name ="education-base-blog-archive-show-tags" /> 
            <key name ="education-base-site-title-color" /> 
            <key name ="education-base-site-title-hover-color" /> 
            <key name ="education-base-site-tagline-color" /> 
            <key name ="education-base-body-text-color" /> 
            <key name ="education-base-heading-color" /> 
            <key name ="education-base-primary-color" /> 
            <key name ="education-base-link-color" /> 
            <key name ="education-base-link-hover-color" /> 
            <key name ="education-base-header-top-color" /> 
            <key name ="education-base-footer-bottom-color" /> 
            <key name ="education-base-menu-active-color" /> 
            <key name ="education-base-menu-hover-color" /> 
            <key name ="education-base-sidebar-bg-color" /> 
            <key name ="education-base-footer-bg-color" /> 
            <key name ="education-base-footer-heading-color" /> 
            <key name ="education-base-footer-text-color" /> 
            <key name ="education-base-footer-link-color" /> 
            <key name ="education-base-footer-link-hover-color" /> 
            <key name ="education-base-enable-sticky-sidebar" /> 
            <key name ="education-base-disable-widget-title-icon" /> 
            <key name ="education-base-widget-title-icon" /> 
            <key name ="education-base-show-author-info" /> 
            <key name ="education-base-single-featured-image-options" /> 
            <key name ="education-base-show-related" /> 
            <key name ="education-base-related-posts-display" /> 
            <key name ="education-base-related-title" /> 
            <key name ="education-base-related-posts-column-number" /> 
            <key name ="education-base-related-img-size" /> 
            <key name ="education-base-related-posts-show-date" /> 
            <key name ="education-base-related-posts-show-author" /> 
            <key name ="education-base-related-posts-number" /> 
            <key name ="education-base-related-posts-content-words" /> 
            <key name ="education-base-education-base-text" /> 
            <key name ="education-base-single-navigation-options" /> 
            <key name ="education-base-comment-title" /> 
            <key name ="education-base-comment-button-text" /> 
            <key name ="education-base-comment-notes-after" /> 
            <key name ="education-base-hide-comment" /> 
            <key name ="education-base-single-show-date" /> 
            <key name ="education-base-single-show-author" /> 
            <key name ="education-base-single-show-cats" /> 
            <key name ="education-base-single-show-tags" /> 
            <key name ="education-base-site-title-fm" /> 
            <key name ="education-base-site-tagline-fm" /> 
            <key name ="education-base-menu-fm" /> 
            <key name ="education-base-heading-fm" /> 
            <key name ="education-base-body-fm" /> 
            <key name ="education-base-search-placholder" /> 
            <key name ="education-base-show-breadcrumb" /> 
            <key name ="education-base-store-title" /> 
            <key name ="education-base-pagination-option" /> 
            <key name ="education-base-gmap-api-key" /> 
            </key>
        </key>
    </admin-texts>
</wpml-config>
