{
    "$schema": "https://schemas.wp.org/wp/6.1/theme.json",
    "customTemplates": [
        {
            "name": "about",
            "postTypes": [
                "page"
            ],
            "title": "About"
        },
        {
            "name": "blog",
            "postTypes": [
                "page"
            ],
            "title": "Blog"
        },
        {
            "name": "front",
            "postTypes": [
                "page"
            ],
            "title": "Homepage"
        },
        {
            "name": "contact",
            "postTypes": [
                "page"
            ],
            "title": "Contact"
        },
        {
            "name": "single-full",
            "postTypes": [
                "post"
            ],
            "title": "Full-width Post"
        },
        {
            "name": "blank",
            "postTypes": [
                "page",
                "post"
            ],
            "title": "Blank"
        },
        {
            "name": "no-title",
            "postTypes": [
                "page",
                "post"
            ],
            "title": "No Title"
        }
    ],
    "settings": {
        "appearanceTools": true,
        "color": {
            "defaultDuotone": false,
            "defaultGradients": false,
            "defaultPalette": false,
            "gradients": [
                {
                    "gradient": "linear-gradient(0deg,var(--wp--preset--color--primary) 0%,rgba(0,58,102,0) 100%)",
                    "name": "Secondary to Light",
                    "slug": "black-primary"
                },
                {
                    "gradient": "linear-gradient(135deg,rgba(0,0,0,1) 50%,var(--wp--preset--color--tertiary) 100%)",
                    "name": "Black to Tertiary",
                    "slug": "black-secondary"
                }
            ],
            "palette": [
                {
                    "color": "#003966",
                    "name": "Primary",
                    "slug": "primary"
                },
                {
                    "color": "#ee771d",
                    "name": "Secondary",
                    "slug": "secondary"
                },
                {
                    "color": "#2e2e2e",
                    "name": "Header & Footer",
                    "slug": "header-footer"
                },
                {
                    "color": "#6C6C77",
                    "name": "Tertiary",
                    "slug": "tertiary"
                },
                {
                    "color": "#ececec",
                    "name": "LightGrey",
                    "slug": "lightgrey"
                },
                {
                    "color": "#000",
                    "name": "Foreground",
                    "slug": "foreground"
                },
                {
                    "color": "#fafafa",
                    "name": "Background",
                    "slug": "background"
                },
                {
                    "color": "#ffffff",
                    "name": "White",
                    "slug": "white"
                },
                {
                    "color": "#ffffff",
                    "name": "Light Background",
                    "slug": "light-background"
                }
            ]
        },
        "custom": {
            "fontWeight": {
                "black": 900,
                "bold": 700,
                "extra-bold": 800,
                "light": 300,
                "medium": 500,
                "regular": 400,
                "semi-bold": 600
            },
            "lineHeight": {
                "body": 1.75,
                "heading": 1.1,
                "medium": 1.5,
                "one": 1
            },
            "spacing": {
                "outer": "30px"
            }
        },
        "layout": {
            "contentSize": "1200px",
            "wideSize": "1280px"
        },
        "spacing": {
            "spacingSizes": [
                {
                    "name": "xSmall",
                    "size": "20px",
                    "slug": "x-small"
                },
                {
                    "name": "Small",
                    "size": "40px",
                    "slug": "small"
                },
                {
                    "name": "Medium",
                    "size": "60px",
                    "slug": "medium"
                },
                {
                    "name": "Large",
                    "size": "80px",
                    "slug": "large"
                },
                {
                    "name": "xLarge",
                    "size": "100px",
                    "slug": "x-large"
                }
            ],
            "units": [
                "px",
                "em",
                "rem",
                "vh",
                "vw",
                "%"
            ]
        },
        "typography": {
            "dropCap": false,
            "fluid": true,
            "fontFamilies": [
                {
                    "fontFamily": "-apple-system, BlinkMacSystemFont, avenir next, avenir, segoe ui, helvetica neue, helvetica, Cantarell, Ubuntu, roboto, noto, arial, sans-serif)",
                    "name": "Sans Serif",
                    "slug": "sans-serif"
                },
                {
                    "fontFamily": "serif",
                    "name": "Serif",
                    "slug": "serif"
                },
                {
                    "fontFamily": "monospace",
                    "name": "Monospace",
                    "slug": "monospace"
                },
                {
                    "fontFamily": "Archivo, sans-serif",
                    "name": "Archivo",
                    "slug": "archivo"
                },
                {
                    "fontFamily": "Alegreya, serif",
                    "name": "Alegreya",
                    "slug": "alegreya"
                },
                {
                    "fontFamily": "Bitter, sans-serif",
                    "name": "Bitter",
                    "slug": "bitter"
                },
                {
                    "fontFamily": "Cormorant Garamond, serif",
                    "name": "Cormorant Garamond",
                    "slug": "cormorant-garamond"
                },
                {
                    "fontFamily": "Crimson Pro, serif",
                    "name": "Crimson Pro",
                    "slug": "crimson-pro"
                },
                {
                    "fontFamily": "DM Sans, sans-serif",
                    "name": "DM Sans",
                    "slug": "dm-sans"
                },
                {
                    "fontFamily": "Epilogue, sans-serif",
                    "name": "Epilogue",
                    "slug": "epilogue"
                },
                {
                    "fontFamily": "Figtree, sans-serif",
                    "name": "Figtree",
                    "slug": "figtree"
                },
                {
                    "fontFamily": "IBM Plex Sans, sans-serif",
                    "name": "IBM Plex Sans",
                    "slug": "ibm-plex-sans"
                },
                {
                    "fontFamily": "IBM Plex Mono, monospace",
                    "name": "IBM Plex Mono",
                    "slug": "ibm-plex-mono"
                },
                {
                    "fontFamily": "Inter, sans-serif",
                    "name": "Inter",
                    "slug": "inter"
                },
                {
                    "fontFamily": "Josefin Sans, sans-serif",
                    "name": "Josefin Sans",
                    "slug": "josefin-sans"
                },
                {
                    "fontFamily": "Jost, sans-serif",
                    "name": "Jost",
                    "slug": "jost"
                },
                {
                    "fontFamily": "Lexend, sans-serif",
                    "name": "Lexend",
                    "slug": "lexend"
                },
                {
                    "fontFamily": "'Libre Baskerville', serif",
                    "name": "Libre Baskerville",
                    "slug": "libre-baskerville"
                },
                {
                    "fontFamily": "'Libre Franklin', sans-serif",
                    "name": "Libre Franklin",
                    "slug": "libre-franklin"
                },
                {
                    "fontFamily": "Lora, serif",
                    "name": "Lora",
                    "slug": "lora"
                },
                {
                    "fontFamily": "Manrope, sans-serif",
                    "name": "Manrope",
                    "slug": "manrope"
                },
                {
                    "fontFamily": "Merriweather, serif",
                    "name": "Merriweather",
                    "slug": "merriweather"
                },
                {
                    "fontFamily": "Montserrat, sans-serif",
                    "name": "Montserrat",
                    "slug": "montserrat"
                },
                {
                    "fontFamily": "Mulish, sans-serif",
                    "name": "Mulish",
                    "slug": "mulish"
                },
                {
                    "fontFamily": "Nunito, sans-serif",
                    "name": "Nunito",
                    "slug": "nunito"
                },
                {
                    "fontFamily": "Open Sans, sans-serif",
                    "name": "Open Sans",
                    "slug": "open-sans"
                },
                {
                    "fontFamily": "Oswald, sans-serif",
                    "name": "Oswald",
                    "slug": "oswald"
                },
                {
                    "fontFamily": "Philosopher, sans-serif",
                    "name": "Philosopher",
                    "slug": "philosopher"
                },
                {
                    "fontFamily": "Playfair Display, serif",
                    "name": "Playfair Display",
                    "slug": "playfair-display"
                },
                {
                    "fontFamily": "Poppins, sans-serif",
                    "name": "Poppins",
                    "slug": "poppins"
                },
                {
                    "fontFamily": "Quicksand, sans-serif",
                    "name": "Quicksand",
                    "slug": "quicksand"
                },
                {
                    "fontFamily": "Raleway, sans-serif",
                    "name": "Raleway",
                    "slug": "raleway"
                },
                {
                    "fontFamily": "Roboto, sans-serif",
                    "name": "Roboto",
                    "slug": "roboto"
                },
                {
                    "fontFamily": "Roboto Condensed, sans-serif",
                    "name": "Roboto Condensed",
                    "slug": "roboto-condensed"
                },
                {
                    "fontFamily": "Rubik, sans-serif",
                    "name": "Rubik",
                    "slug": "rubik"
                },
                {
                    "fontFamily": "Source Sans Pro, sans-serif",
                    "name": "Source Sans Pro",
                    "slug": "source-sans-pro"
                },
                {
                    "fontFamily": "Source Serif Pro, sans-serif",
                    "name": "Source Serif Pro",
                    "slug": "source-serif-pro"
                },
                {
                    "fontFamily": "Space Grotesk, sans-serif",
                    "name": "Space Grotesk",
                    "slug": "space-grotesk"
                },
                {
                    "fontFamily": "Urbanist, sans-serif",
                    "name": "Urbanist",
                    "slug": "urbanist"
                },
                {
                    "fontFamily": "Work Sans, sans-serif",
                    "name": "Work Sans",
                    "slug": "work-sans"
                },
                {
                    "fontFamily": "Yeseva One, sans-serif",
                    "name": "Yeseva One",
                    "slug": "yeseva-one"
                }
            ],
            "fontSizes": [
                {
                    "fluid": {
                        "max": "16px",
                        "min": "16px"
                    },
                    "name": "Small",
                    "size": "16px",
                    "slug": "small"
                },
                {
                    "fluid": {
                        "max": "20px",
                        "min": "16px"
                    },
                    "name": "Medium",
                    "size": "20px",
                    "slug": "medium"
                },
                {
                    "fluid": {
                        "max": "22px",
                        "min": "18px"
                    },
                    "name": "Large",
                    "size": "20px",
                    "slug": "large"
                },
                {
                    "fluid": {
                        "max": "50px",
                        "min": "30px"
                    },
                    "name": "xLarge",
                    "size": "50px",
                    "slug": "x-large"
                },
                {
                    "fluid": {
                        "max": "36px",
                        "min": "24px"
                    },
                    "name": "36px",
                    "size": "36px",
                    "slug": "max-36"
                },
                {
                    "fluid": {
                        "max": "48px",
                        "min": "26px"
                    },
                    "name": "48px",
                    "size": "48px",
                    "slug": "max-48"
                },
                {
                    "fluid": {
                        "max": "60px",
                        "min": "30px"
                    },
                    "name": "60px",
                    "size": "60px",
                    "slug": "max-60"
                },
                {
                    "fluid": {
                        "max": "72px",
                        "min": "38px"
                    },
                    "name": "72px",
                    "size": "72px",
                    "slug": "max-72"
                }
            ]
        },
        "useRootPaddingAwareAlignments": true
    },
    "styles": {
        "blocks": {
            "core/button": {
                "color": {
                    "background": "var(--wp--preset--color--secondary)"
                },
                "typography": {
                    "fontSize": "var(--wp--preset--font-size--small)",
                    "fontWeight": "var(--wp--custom--font-weight--medium)"
                }
            },
            "core/buttons": {
                "spacing": {
                    "blockGap": "10px"
                }
            },
            "core/calendar": {
                "typography": {
                    "fontSize": "var(--wp--preset--font-size--small)"
                }
            },
            "core/code": {
                "border": {
                    "radius": "0",
                    "width": "0"
                },
                "color": {
                    "background": "var(--wp--preset--color--foreground)",
                    "text": "var(--wp--preset--color--background)"
                },
                "spacing": {
                    "padding": {
                        "bottom": "25px",
                        "left": "30px",
                        "right": "30px",
                        "top": "25px"
                    }
                },
                "typography": {
                    "fontFamily": "var(--wp--preset--font-family--monospace)",
                    "fontSize": "var(--wp--preset--font-size--small)"
                }
            },
            "core/column": {
                "border": {
                    "radius": "0",
                    "width": "0"
                },
                "spacing": {
                    "margin": {
                        "bottom": "0px"
                    }
                }
            },
            "core/columns": {
                "border": {
                    "radius": "4px",
                    "width": "0"
                },
                "spacing": {
                    "margin": {
                        "bottom": "0px"
                    }
                }
            },
            "core/comment-author-name": {
                "typography": {
                    "fontSize": "var(--wp--preset--font-size--small)",
                    "lineHeight": "var(--wp--custom--line-height--medium)"
                }
            },
            "core/comment-date": {
                "typography": {
                    "fontSize": "var(--wp--preset--font-size--small)",
                    "lineHeight": "var(--wp--custom--line-height--medium)"
                }
            },
            "core/comment-edit-link": {
                "typography": {
                    "fontSize": "var(--wp--preset--font-size--small)",
                    "lineHeight": "var(--wp--custom--line-height--medium)"
                }
            },
            "core/comment-reply-link": {
                "typography": {
                    "fontSize": "var(--wp--preset--font-size--small)"
                }
            },
            "core/cover": {
                "border": {
                    "color": false,
                    "radius": "5px",
                    "style": false,
                    "width": false
                },
                "spacing": {
                    "padding": {
                        "bottom": "30px",
                        "left": "30px",
                        "right": "30px",
                        "top": "30px"
                    }
                }
            },
            "core/group": {
                "spacing": {
                    "padding": "0px"
                }
            },
            "core/heading": {
                "color": {
                    "text": "var(--wp--preset--color--foreground)"
                },
                "spacing": {
                    "margin": {
                        "bottom": "10px",
                        "top": "0px"
                    }
                },
                "typography": {
                    "fontFamily": "var(--wp--preset--font-family--epilogue)",
                    "fontWeight": "var(--wp--custom--font-weight--semi-bold)",
                    "lineHeight": "var(--wp--custom--line-height--heading)"
                }
            },
            "core/image": {
                "spacing": {
                    "margin": {
                        "bottom": "30px",
                        "left": "0",
                        "right": "0",
                        "top": "0"
                    }
                }
            },
            "core/media-text": {
                "spacing": {
                    "margin": {
                        "bottom": "30px",
                        "left": "0",
                        "right": "0",
                        "top": "0"
                    }
                }
            },
            "core/navigation": {
                "typography": {
                    "fontSize": "var(--wp--preset--font-size--small)"
                }
            },
            "core/paragraph": {
                "spacing": {
                    "margin": {
                        "bottom": "30px",
                        "top": "0px"
                    }
                }
            },
            "core/post-title": {
                "typography": {
                    "fontSize": "var(--wp--preset--font-size--x-large)",
                    "fontWeight": "var(--wp--custom--font-weight--medium)",
                    "lineHeight": "var(--wp--custom--line-height--heading)"
                }
            },
            "core/preformatted": {
                "border": {
                    "color": "var(--wp--preset--color--foreground)",
                    "radius": "0"
                },
                "color": {
                    "background": "var(--wp--preset--color--foreground)",
                    "text": "var(--wp--preset--color--background)"
                },
                "spacing": {
                    "padding": {
                        "bottom": "25px",
                        "left": "30px",
                        "right": "30px",
                        "top": "25px"
                    }
                },
                "typography": {
                    "fontFamily": "var(--wp--preset--font-family--monospace)",
                    "fontSize": "var(--wp--preset--font-size--small)"
                }
            },
            "core/pullquote": {
                "border": {
                    "color": "var(--wp--preset--color--foreground)",
                    "style": "solid",
                    "width": "1px"
                },
                "spacing": {
                    "padding": {
                        "bottom": "20px",
                        "left": "20px",
                        "right": "20px",
                        "top": "20px"
                    }
                },
                "typography": {
                    "fontSize": "var(--wp--preset--font-size--medium)",
                    "lineHeight": "var(--wp--custom--line-height--medium)"
                }
            },
            "core/quote": {
                "border": {
                    "color": "var(--wp--preset--color--foreground)",
                    "style": "solid",
                    "width": "1px"
                },
                "spacing": {
                    "margin": {
                        "bottom": "35px"
                    },
                    "padding": {
                        "bottom": "30px",
                        "left": "40px",
                        "right": "40px",
                        "top": "30px"
                    }
                },
                "typography": {
                    "lineHeight": "var(--wp--custom--line-height--medium)"
                }
            },
            "core/read-more": {
                "border": {
                    "radius": "4px"
                },
                "color": {
                    "background": "var(--wp--preset--color--primary)",
                    "text": "#fff"
                },
                "spacing": {
                    "padding": {
                        "bottom": "10px",
                        "left": "25px",
                        "right": "25px",
                        "top": "10px"
                    }
                }
            },
            "core/separator": {
                "border": {
                    "radius": "0",
                    "width": "0"
                },
                "color": {
                    "text": "var(--wp--preset--color--foreground)"
                },
                "typography": {
                    "fontSize": "var(--wp--preset--font-size--large)"
                }
            },
            "core/site-tagline": {
                "spacing": {
                    "margin": {
                        "bottom": "20px"
                    }
                },
                "typography": {
                    "fontSize": "var(--wp--preset--font-size--small)"
                }
            },
            "core/site-title": {
                "typography": {
                    "fontSize": "var(--wp--preset--font-size--large)",
                    "fontWeight": "var(--wp--custom--font-weight--medium)",
                    "lineHeight": "var(--wp--custom--line-height--one)"
                }
            },
            "core/spacer": {
                "spacing": {
                    "margin": {
                        "top": "0 !important"
                    }
                }
            },
            "core/table": {
                "typography": {
                    "fontSize": "var(--wp--preset--font-size--small)"
                }
            },
            "core/template-part": {
                "spacing": {
                    "margin": {
                        "top": "0px !important"
                    }
                }
            }
        },
        "color": {
            "background": "var:preset|color|white",
            "text": "var:preset|color|header-footer"
        },
        "elements": {
            "button": {
                "border": {
                    "radius": "4px"
                },
                "color": {
                    "background": "var(--wp--preset--color--secondary)",
                    "text": "var:preset|color|white"
                },
                "spacing": {
                    "padding": {
                        "bottom": "10px",
                        "left": "25px",
                        "right": "25px",
                        "top": "10px"
                    }
                },
                "typography": {
                    "fontSize": "var(--wp--preset--font-size--small)",
                    "fontWeight": "var(--wp--custom--font-weight--medium)"
                }
            },
            "caption": {
                "color": {
                    "text": "var(--wp--preset--color--foreground)"
                },
                "spacing": {
                    "margin": {
                        "bottom": "0px",
                        "top": "10px"
                    }
                },
                "typography": {
                    "fontSize": "var(--wp--preset--font-size--small)"
                }
            },
            "h1": {
                "color": {
                    "text": "var(--wp--preset--color--primary)"
                },
                "typography": {
                    "fontFamily": "var(--wp--preset--font-family--epilogue)",
                    "fontSize": "var(--wp--preset--font-size--x-large)",
                    "lineHeight": "1.2"
                }
            },
            "h2": {
                "typography": {
                    "fontFamily": "var(--wp--preset--font-family--epilogue)",
                    "fontSize": "var(--wp--preset--font-size--large)"
                }
            },
            "h3": {
                "typography": {
                    "fontFamily": "var(--wp--preset--font-family--epilogue)",
                    "fontSize": "var(--wp--preset--font-size--large)"
                }
            },
            "h4": {
                "typography": {
                    "fontFamily": "var(--wp--preset--font-family--epilogue)",
                    "fontSize": "var(--wp--preset--font-size--medium)"
                }
            },
            "h5": {
                "typography": {
                    "fontFamily": "var(--wp--preset--font-family--epilogue)",
                    "fontSize": "var(--wp--preset--font-size--small)"
                }
            },
            "h6": {
                "typography": {
                    "fontSize": "var(--wp--preset--font-size--small)"
                }
            },
            "heading": {
                "color": {
                    "text": "var(--wp--preset--color--primary)"
                },
                "typography": {
                    "fontFamily": "var(--wp--preset--font-family--epilogue)"
                }
            },
            "link": {
                ":hover": {
                    "color": {
                        "text": "var(--wp--preset--color--primary)"
                    }
                },
                "color": {
                    "text": "var:preset|color|secondary"
                },
                "typography": {
                    "fontFamily": "var(--wp--preset--font-family--inter)"
                }
            }
        },
        "spacing": {
            "blockGap": "30px"
        },
        "typography": {
            "fontFamily": "var:preset|font-family|inter",
            "fontSize": "var(--wp--preset--font-size--small)",
            "fontWeight": "var(--wp--custom--font-weight--regular)",
            "lineHeight": "var(--wp--custom--line-height--body)"
        }
    },
    "templateParts": [
        {
            "area": "header",
            "name": "header",
            "title": "Header"
        },
        {
            "area": "uncategorized",
            "name": "sidebar",
            "title": "Sidebar"
        },
        {
            "area": "footer",
            "name": "footer-call-to-action",
            "title": "Footer Call-to-action"
        },
        {
            "area": "footer",
            "name": "footer",
            "title": "Footer"
        },
        {
            "area": "uncategorized",
            "name": "comments",
            "title": "Comments"
        }
    ],
    "version": 2
}